airport_ident,le_ident,he_ident,length_ft,surface,le_latitude_deg,le_longitude_deg,le_heading_degT,he_latitude_deg,he_longitude_deg,he_heading_degT
02IN,09,27,1020,TURF,,,,,,
04I,06,24,2382,TURF-G,39.90919876098633,-83.19280242919922,,39.91310119628906,-83.18470001220703,
06OI,09,27,2256,TURF-F,,,,,,
07IN,N,S,1860,TURF,,,,,,
0D7,09,27,1955,TURF-G,40.79059982299805,-83.83260345458984,,40.79059982299805,-83.82550048828125,
0II0,E,W,1500,TURF,,,,,,
0II7,N,S,2500,TURF,,,,,,
0IN2,09,27,1300,TURF,,,,,,
0IN2,18,36,2900,TURF,,,,,,
0IN4,NW,SE,2440,ASPH,,,,,,
0KY0,13,31,2300,TURF,,,,,,
0OH6,04,22,800,TURF,,,,,,
0OH8,03,21,3000,ASPH,40.184600830078125,-84.25830078125,24.8,40.192100524902344,-84.25379943847656,
0OI2,14,32,2200,TURF,,,,,,
0OI9,10,28,1100,TURF,,,,,,
11OA,11,29,2300,TURF,,,,,,
12II,E,W,2500,TURF,,,,,,
12OH,17,35,1030,TURF,,,,,,
13IN,18,36,2200,TURF-P,,,,,,
14OH,02,20,2000,TURF,,,,,,
16OH,01,19,2000,Turf,,,,,,
16OI,18,36,2600,TURF,,,,,,
17IN,NE,SW,3100,TURF,,,,,,
17OI,13,31,1920,TURF-G,,,,,,
19KY,18,36,2200,TURF,,,,,,
1II0,E,W,1700,TURF,,,,,,
1IN9,9,27,2423,Turf,,,,,,
1OA1,09,27,2237,TURF-G,,,,,,
1OA4,11,29,1600,TURF,,,,,,
1OA5,09,27,2400,TURF,,,,,,
1OA6,09,27,2970,TURF,,,,,,
1OH1,18,36,2100,TURF,,,,,,
1OH8,05,23,1800,TURF,,,,,,
1OH9,08,26,3200,TURF,,,,,,
1OI6,09,27,2500,TURF,,,,,,
1OI9,09,27,2165,TURF,,,,,,
1WF,18,36,2385,TURF-G,,,,,,
20KY,05,23,1800,TURF,,,,,,
21OI,07,25,2650,TURF,,,,,,
21OI,17,35,1860,TURF,,,,,,
21OI,H1,,100,TURF,,,,,,
24OI,18,36,2000,TURF,,,,,,
27OH,18,36,2580,TURF,,,,,,
2B6,05,23,3203,TURF-G,,,,,,319.6
2B6,13,31,2670,TURF-F,,,,,,186
2II3,18,36,2200,TURF,,,,,,
2IN0,09,27,2050,TURF,,,,,,
2IN5,18,36,2650,TURF,,,,,,
2IN6,09,27,2000,TURF,,,,,,
2OA2,09,27,2900,TURF,,,,,,
2OA4,09,27,1987,TURF,,,,,,
2OA5,08,26,2500,TURF,,,,,,
2OA7,18,36,2425,TURF,,,,,,
2OH0,09,27,2200,TURF-F,,,,,,
2OH4,12,30,2200,TURF,,,,,,
2OH6,18,36,1850,TURF,,,,,,
2OH7,14,32,1850,TURF-G,,,,,,
2OH8,NE,SW,2500,TURF,,,,,,
2OH9,09,27,2800,TURF,,,,,,
2OI2,01,19,1400,TURF,,,,,,
32II,07,25,2000,TURF,,,,,,
33OH,18,36,1875,TURF,,,,,,
34II,09,27,1250,TURF,,,,,,
36OI,E,W,2600,TURF,,,,,,201.1
37I,05,23,3450,TURF-G,,,114,,,294
38I,09,27,2650,TURF-G,40.09080124,-83.69409943,,40.09149933,-83.68470001,
38OH,18,36,2550,TURF,,,,,,
38OI,09,27,3000,TURF,,,,,,
39IN,12,30,4000,TURF,,,,,,265.9
3II3,E,W,2600,TURF,,,,,,
3IN1,18,36,2600,GRS,,,,,,
3KY4,15,33,3300,TURF,,,,,,
3OH0,09,27,2000,ASPH,,,,,,
3OH0,10,28,2000,TURF,,,,,,
3OH1,14,32,2400,TURF,,,,,,
3OH6,18,36,2639,TURF,,,,,,
3OH7,08,26,1900,TURF,,,,,,
3OH9,18,36,1700,TURF,,,,,,
40I,08,26,3142,TURF-F,,,,,,293
43OA,09,27,1400,TURF,,,,,,
43OI,09,27,2300,TURF,,,,,,
45OH,3,21,1600,TURF,,,,,,
4II8,09,27,3500,TURF-G,,,,,,
4KT4,18,36,1600,Turf,,,,,,
4KY7,08,26,1600,TURF,,,,,,
4OA8,18,36,2000,TURF,,,,,,266
4OI9,16,34,2600,GRAVEL,,,,,,
52OA,4,22,1032,Turf,,,,,,
53II,09,27,2600,TURF,,,,,,
53OH,09,27,3400,TURF,,,,,,
54OH,N,S,1475,TURF,,,,,,
56IN,09,27,2400,TURF,,,,,,
57OI,09,27,1500,TURF,,,,,,
58II,18,36,2350,TURF,,,,,,
59OH,08,26,1900,TURF,,,,,,
5E9,09,27,3470,TURF-G,,,,,,227
5IG9,1,19,2596,Turf,,,,,,
5OI0,07,25,1650,TURF,,,,,,
5OI5,09,27,2600,TURF,,,,,,
5OI8,18,36,1900,TURF,,,,,,
61KY,17,35,1900,TURF,,,,,,300
62OH,18,36,3400,TURF,,,,,,
63OH,15,33,2800,TURF,,,,,,
63OI,10,28,2000,TURF,,,,,,342
64IN,18,36,2600,TURF,,,,,,
66II,18,36,2000,TURF,,,,,,
66IN,18,36,1025,TURF-G,,,,,,
67II,18,36,1800,TURF,,,,,,
69OI,18,36,2400,TURF,,,,,,
6C2,09,27,3112,TURF-G,,,,,,353
6D7,05,23,1725,TURF-G,41.21699905395508,-83.87830352783203,,41.22010040283203,-83.87339782714844,264
6D7,09,27,2480,TURF-G,41.21549987792969,-83.87760162353516,,41.21549987792969,-83.86859893798828,230.8
6II2,E,W,1400,TURF,,,,,,
6IN2,18,36,2600,TURF,,,,,,
6IN4,09,27,2400,TURF,,,,,,
6IN5,18,36,2140,TURF,,,,,,
6IN8,18,36,1800,TURF,,,,,,341
6OH9,02,20,2700,TURF,,,,,,
6OI5,05,23,2400,TURF,,,,,,
70II,09,27,1500,TURF,,,,,,316.2
70IN,18,36,2700,TURF,,,,,,
71KY,15,33,1600,TURF,,,,,,
72OH,10,28,900,Turf,,,,,,
73II,NE,SW,2000,TURF,,,,,,
74IN,09,27,2000,TURF,,,,,,
75OI,18,36,2000,TURF,,,,,,
77OH,18,36,1500,TURF,,,,,,
79II,18,36,2600,TURF,,,,,,
7B4,09,27,3250,TURF-G,,,,,,
7I2,09,27,2800,ASPH-F,40.155399322509766,-85.3239974975586,,40.15510177612305,-85.31390380859375,
7IN9,18,36,2563,TURF,,,,,,
7KY2,05,23,1800,TURF,,,,,,
7OA7,09,27,2250,TURF,,,,,,
7OA7,18,36,2615,TURF,,,,,,
7OA7,E,W,3500,TURF,,,,,,
7OH3,09,27,2400,TURF,,,,,,340
7OI9,11,29,2000,TURF,,,,,,345
82OI,15,33,3000,TURF,,,,,,
83OA,9,27,2310,Turf,,,,,,
83OH,18,36,2400,TURF,,,,,,
8GK,6,24,5000,CON,,,,,,
8I1,09,27,1670,TURF-P,38.694801330566406,-85.20079803466797,,38.69430160522461,-85.19499969482422,318.2
8II0,03,21,1800,TURF,,,,,,
8II2,09,27,2500,TURF,,,,,,359.8
8II5,18,36,1700,TURF,,,,,,
8IN7,09,27,2100,TURF,,,,,,322
8KY6,10,28,2000,TURF,,,,,,
8OI5,01,19,1600,TURF,,,,,,
8OI9,03,21,1375,TURF,,,,,,
90OI,E,W,1200,TURF,,,,,,
93IN,18,36,1500,TURF,,,,,,270
95OH,18,36,3050,TURF,,,,,,347
9II8,07,25,2300,TURF-G,,,,,,
9OA5,01,19,2764,ASPH-G,39.95790100097656,-82.54090118408203,3,39.96549987792969,-82.54039764404297,183
9OH7,18,36,2200,TURF,,,,,,0.1
9OH8,N,S,2300,TURF,,,,,,
9OI3,09,27,2900,TURF,,,,,,
9OI5,16,34,3500,CONC,40.312400817871094,-83.54450225830078,154.1,40.30379867553711,-83.53900146484375,260
C40,09,27,2600,TURF-F,40.71440124511719,-85.25070190429688,,40.71440124511719,-85.24130249023438,206
C40,18,36,2230,TURF-F,40.71969985961914,-85.24909973144531,,40.71260070800781,-85.24909973144531,322.7
I19,07,25,5004,ASPH-F,39.6882019,-83.99909973,63,39.69380188,-83.98490143,243
I44,04,22,2900,ASPH-G,39.76219940185547,-84.34649658203125,,39.768001556396484,-84.3395004272461,
I61,02,20,4000,TURF-F,39.8838996887207,-85.1666030883789,,39.89419937133789,-85.16169738769531,270
I62,09,27,2445,ASPH-P,39.86240005,-84.43769836,,39.86270142,-84.42880249,360
I99,09,27,2591,ASPH-P,40.232601165771484,-85.64219665527344,91,40.232398986816406,-85.63289642333984,271
IG04,09,27,1057,TURF,,,,,,271.9
IG07,17,35,1280,TURF,,,,,,
II01,09,27,1920,TURF,,,,,,
II03,18,36,1800,TURF,,,,,,207
II06,09,27,2740,TURF,,,,,,
II13,18,36,1870,TURF,,,,,,
II20,NE,SW,2300,TURF,,,,,,
II36,09,27,1000,TURF-G,,,,,,
II42,05,23,1600,TURF,,,,,,
II54,18,36,1700,TURF,,,,,,
II67,12,30,1100,TURF,,,,,,
II67,18,36,626,TURF,,,,,,
II72,09,27,1300,TURF,,,,,,
II77,09,27,1900,TURF,,,,,,
II78,E,W,2000,TURF,,,,,,
II85,N,S,2300,TURF,,,,,,
II86,09,27,2067,TURF,,,,,,
II94,E,W,2640,TURF,,,,,,
II97,N,S,2000,TURF,,,,,,
IN05,18,36,1500,TURF,,,,,,
IN31,N,S,2200,TURF,,,,,,
IN49,18,36,2100,TURF,,,,,,
IN56,09,27,2800,TURF,,,,,,201.1
IN72,18,36,1060,TURF,,,,,,
IN81,18,36,1200,TURF,,,,,,
IN91,N,S,2400,TURF,,,,,,
K0I8,11,29,3850,ASPH-F,38.36759949,-84.28980255,106,38.36470032,-84.27690125,286
K12G,03,21,1890,TURF-G,40.87220001220703,-82.69979858398438,25,40.87689971923828,-82.6968994140625,205
K12G,18,36,3174,ASPH-F,40.87620162963867,-82.6968994140625,179,40.86750030517578,-82.69670104980469,359
K16G,06,24,4000,ASPH-G,41.090999603271484,-83.21859741210938,56,41.09709930419922,-83.20649719238281,236
K17G,04,22,3895,ASPH-G,40.777099609375,-82.97879791259766,36,40.78580093383789,-82.97059631347656,216
K17G,09,27,2900,TURF-F,40.78139877319336,-82.9802017211914,85.5,40.782100677490234,-82.9697036743164,267
K22I,09,27,3500,ASPH-F,39.32709885,-82.44850159,79,39.32910156,-82.43509674,337.3
K3I7,03,21,3000,ASP,39.90950012207031,-84.40249633789062,23.5,39.91709899902344,-84.39830017089844,203.5
K4I3,10,28,5504,ASP,40.32960129,-82.53269958,97.7,40.32780075,-82.51490021,277.7
K4I9,10,28,3495,ASP,40.52460098,-82.85639954,91,40.5243988,-82.84380341,271
K56D,18,36,3997,ASP,40.88890075683594,-83.31449890136719,180.3,40.877899169921875,-83.3145980834961,0.3
K5G7,05,23,4126,ASP,40.881900787353516,-83.87449645996094,51.7,40.88890075683594,-83.86280059814453,231.7
K6G4,06,24,3460,GRS,40.36289978,-82.50119781,62.5,40.36729813,-82.49019623,242.5
K6G4,09,27,2600,GRS,40.36439895629883,-82.50250244140625,83.2,40.365299224853516,-82.49320220947266,263.2
KAID,12,30,5400,ASP,40.111900329589844,-85.6229019165039,115,40.1057014465332,-85.60549926757812,295
KAID,18,36,3399,ASP,40.11299896,-85.61109924,179.9,40.10359955,-85.61109924,359.9
KAMT,05,23,3558,ASP,38.84780121,-83.57089996,45.1,38.85509872,-83.56159973,225.1
KAOH,10,28,6000,ASP,40.706902,-84.035896,90,40.706902,-84.017403,270
KAXV,08,26,5500,ASP,40.4917984,-84.30770111,76.6,40.49499893,-84.29019928,256.6
KCEV,04,22,2601,GRS,39.69380188,-85.13529968,36.1,39.70009995,-85.12930298,216.1
KCEV,18,36,6503,ASP,39.70740128,-85.13069916,179.4,39.6896019,-85.13050079,359.4
KCMH,10L,28R,8000,ASP,40.00320053100586,-82.90760040283203,94.2,40.0015983581543,-82.87920379638672,274.2
KCMH,10R,28L,10114,ASP,39.99560165,-82.9088974,94.2,39.99349976,-82.87290192,274.2
KCQA,08,26,4400,ASP,40.48339844,-84.56690216,82.6,40.48469925,-84.55329895,262.6
KCVG,09,27,12001,PEM,39.04639816,-84.69509888,90,39.04629898,-84.65280151,270
KCVG,18C,36C,11000,PEM,39.064701080322266,-84.6686019897461,180,39.03450012207031,-84.668701171875,360
KCVG,18L,36R,10000,CON,39.05590057373047,-84.64669799804688,180,39.02840042114258,-84.64679718017578,360
KCVG,18R,36L,8000,CON,39.070899963378906,-84.68370056152344,180.2,39.04890060424805,-84.68379974365234,0.2
KCYO,01,19,4346,ASP,39.50999832,-82.98259735,3,39.52199936,-82.98169708,183
KDAY,06L,24R,10901,PEM,39.89509964,-84.2460022,55.3,39.91210175,-84.2141037,235.3
KDAY,06R,24L,7285,PEM,39.89099884,-84.22239685,55.4,39.90190125,-84.20189667,235.4
KDAY,18,36,8502,PEM,39.917301177978516,-84.21209716796875,178.5,39.89400100708008,-84.2113037109375,358.5
KDLZ,10,28,5800,ASP,40.28070068,-83.123703,98,40.27870178,-83.10590363,278
KEDJ,07,25,5000,ASP,40.36989974975586,-83.82740020751953,69.3,40.374698638916016,-83.81060028076172,249.3
KEOP,07,25,4899,ASP,39.16379929,-82.93579865,62.1,39.17010117,-82.92050171,242.1
KFDY,07,25,5883,ASP,41.01139831542969,-83.68119812011719,68.7,41.01729965209961,-83.66130065917969,248.7
KFDY,18,36,6499,ASP,41.01879883,-83.66609955,180.3,41.00099945,-83.66629791,0.3
KFFO,05L,23R,12600,PEM,39.81489944,-84.06510162,48.9,39.83760071,-84.03130341,228.9
KFFO,05R,23L,7000,ASP,39.81909942626953,-84.05169677734375,48.9,39.8317985534668,-84.03289794921875,228.9
KFGX,07,25,5002,ASP,38.53919983,-83.75140381,67,38.54449844,-83.73529816,247
KFWA,05,23,11981,PEM,40.96269989,-85.21269989,44.3,40.98630142,-85.18240356,224.3
KFWA,09,27,4001,PEM,40.97589874267578,-85.19879913330078,90.1,40.97589874267578,-85.1843032836914,270.1
KFWA,14,32,8002,PEM,40.99349976,-85.2036972,134.7,40.97809982,-85.18309784,314.7
KFZI,09,27,5005,ASP,41.19079971,-83.40219879,89.9,41.19079971,-83.38690186,269.9
KGEO,18,36,3530,ASP,38.8867,-83.883797,170,38.877201,-83.881699,350
KGEZ,01,19,5000,ASP,39.57109832763672,-85.80439758300781,6.4,39.584800720214844,-85.80239868164062,186.4
KGEZ,09,27,2671,GRS,39.57709885,-85.81109619,92.2,39.57690048,-85.80169678,272.2
KGFD,18,36,2165,TURF-F,39.79439926147461,-85.73529815673828,,39.78889846801758,-85.73529815673828,250
KGQQ,05,23,3504,ASP,40.75009918,-82.72840118,47.4,40.75659943,-82.71910095,227.4
KHAO,12,30,5500,ASP,39.366402,-84.531097,120,39.361099,-84.512802,300
KHLB,18,36,5933,ASP,39.351299,-85.2584,180,39.3377,-85.2584,360
KHOC,05,23,3520,ASP,39.18560028076172,-83.54350280761719,49,39.191898345947266,-83.53410339355469,229
KI12,05,23,2981,ASP,40.23659896850586,-84.15519714355469,40,40.24290084838867,-84.14830017089844,220
KI12,10,28,5013,ASP,40.24290085,-84.1588974,94.2,40.24200058,-84.14179993,274.2
KI17,08,26,3998,ASP,40.16329956,-84.31539917,75.5,40.16609955,-84.30149841,255.5
KI22,07,25,3977,ASP,40.167198181152344,-84.93370056152344,72.7,40.170501708984375,-84.92019653320312,252.7
KI22,09,27,1960,GRS,40.1692008972168,-84.92669677734375,91.9,40.16910171508789,-84.91960144042969,271.9
KI23,05,23,5097,ASP,39.56460189819336,-83.42559814453125,34,39.57619857788086,-83.41549682617188,214
KI34,18,36,3433,ASP,39.331600189208984,-85.52259826660156,179.5,39.322200775146484,-85.52249908447266,359.5
KI43,01,19,5201,ASP,38.97420120239258,-82.57869720458984,5,38.98849868774414,-82.5770034790039,185
KI54,09,27,3405,GRS,40.02000045776367,-83.83529663085938,90,40.02000045776367,-83.82250213623047,270
KI66,03,21,3579,ASP,39.49890137,-83.86579895,28,39.50759888,-83.85980225,208
KI67,01,19,2808,ASP,39.25479889,-84.77429962,0.3,39.26309967,-84.77429962,180.3
KI68,01,19,4505,ASP,39.45600128,-84.25240326,4,39.46829987,-84.251297,184
KI69,04,22,3567,ASP,39.07529831,-84.21309662,37,39.08229828,-84.20649719,217
KI73,08,26,3500,ASP,39.68259811401367,-84.24919891357422,91,39.682498931884766,-84.23680114746094,271
KI74,02,20,4400,ASP,40.12689971923828,-83.75579833984375,17.9,40.13840103149414,-83.7509994506836,197.9
KI86,08,26,3498,ASP,39.690101623535156,-82.20369720458984,72.1,39.69309997558594,-82.19190216064453,252.1
KI95,04,22,4797,ASP,40.60630035,-83.64839935,39.7,40.61520004,-83.63870239,219.7
KILN,04L,22R,10701,CON,39.41939926147461,-83.8093032836914,37.3,39.44269943237305,-83.78630065917969,217.3
KILN,04R,22L,9000,CON,39.414398193359375,-83.79499816894531,37.3,39.433998107910156,-83.77570343017578,217.3
KK62,03,21,4002,ASP,38.69919968,-84.39489746,27,38.70899963,-84.3884964,207
KLCK,05L,23R,11902,ASP,39.80329895,-82.94409943,45.3,39.82640076,-82.91390228,225.3
KLCK,05R,23L,12103,PEM,39.80110168,-82.94200134,45.3,39.82440186,-82.91139984,225.3
KLHQ,10,28,5003,ASP,39.7560997,-82.66600037,94,39.75519943,-82.64820099,274
KLUK,03L,21R,3802,ASP,39.09960174560547,-84.42420196533203,23,39.10919952392578,-84.41899871826172,203
KLUK,03R,21L,6101,ASP,39.09270095825195,-84.41950225830078,21,39.1083984375,-84.41179656982422,201
KLUK,07,25,5127,ASP,39.1026001,-84.42790222,62,39.10919952,-84.41200256,242
KMGY,02,20,5000,ASP,39.58259963989258,-84.22820281982422,22,39.595298767089844,-84.22149658203125,202
KMIE,03,21,5198,ASP,40.235699,-85.3983,16,40.249001,-85.393402,196
KMIE,14,32,6500,ASP,40.24869918823242,-85.40589904785156,136,40.235801696777344,-85.38980102539062,316
KMNN,07,25,5000,ASP,40.61140060424805,-83.07129669189453,59.9,40.61830139160156,-83.05570220947266,239.9
KMNN,13,31,3498,ASP,40.62070083618164,-83.06880187988281,119.9,40.61589813232422,-83.05789947509766,299.9
KMQJ,07,25,6005,CON,39.83710098,-85.90950012,69.9,39.84220123,-85.89109802,249.9
KMQJ,16,34,3902,CON,39.85390091,-85.89489746,160.1,39.84389877,-85.89009857,340.1
KMRT,09,27,4218,ASP,40.2239990234375,-83.35910034179688,83,40.225399017333984,-83.34410095214844,263
KMWO,05,23,6100,ASP,39.52560043334961,-84.40350341796875,49.4,39.5364990234375,-84.38710021972656,229.4
KMWO,08,26,3026,GRE,39.53300095,-84.40419769,85,39.53369904,-84.39369965,265
KMZZ,04,22,6011,ASP,40.48350143,-85.68689728,37.6,40.49649811,-85.67379761,217.6
KMZZ,15,33,3456,ASP,40.4939003,-85.68190002,150.4,40.48540115,-85.67549896,330.4
KOSU,05,23,3562,ASP,40.07630157,-83.07839966,48.7,40.08269882,-83.06890106,228.7
KOSU,09L,27R,2994,ASP,40.082698822021484,-83.07890319824219,87.1,40.083099365234375,-83.06819915771484,267.1
KOSU,09R,27L,5004,ASP,40.07709884643555,-83.08159637451172,87.1,40.07789993286133,-83.0636978149414,267.1
KOVO,05,23,5002,ASP,39.04029846191406,-85.6104965209961,47.7,39.04949951171875,-85.59750366210938,227.7
KOVO,15,33,2730,ASP,39.049400329589844,-85.61080169677734,152.8,39.04280090332031,-85.60639953613281,332.8
KOWX,09,27,4502,ASP,41.03549957,-83.99009705,90,41.03559875,-83.97399902,270
KOXD,05,23,4011,ASP,39.4984016418457,-84.78949737548828,46,39.506099700927734,-84.779296875,226
KPLD,09,27,5505,ASP,40.45140076,-84.99620056,89,40.4516983,-84.98179626,269
KPMH,18,36,5001,ASP,38.84730148,-82.84760284,177.8,38.83359909,-82.84700012,357.8
KR47,09,27,4455,ASP,41.102500915527344,-84.05989837646484,84.2,41.10369873046875,-84.0438003540039,264.2
KRID,06,24,5502,ASP,39.75170135,-84.85009766,55.2,39.76029968,-84.83409882,235.2
KRID,15,33,4999,ASP,39.76190186,-84.84850311,145,39.75059891,-84.83830261,325
KRZT,05,23,5405,ASP,39.43489838,-83.02950287,42.4,39.44589996,-83.01660156,222.4
KSGH,06,24,9010,PEM,39.83509827,-83.85140228,54.2,39.84949875,-83.82540131,234.2
KSGH,15,33,5498,ASP,39.8431015,-83.84880066,144.2,39.83089828,-83.83730316,324.2
KTZR,04,22,5500,ASP,39.894798278808594,-83.14209747314453,32.2,39.90760040283203,-83.13169860839844,212.2
KUWL,09,27,4002,ASP,39.875999450683594,-85.33360290527344,91.4,39.875701904296875,-85.31939697265625,271.4
KUYF,09,27,4000,ASP,39.93239975,-83.46910095,86.6,39.93299866,-83.45490265,266.6
KVES,09,27,4802,ASP,40.20429993,-84.54000092,88.5,40.20460129,-84.52380371,268.5
KVNW,09,27,5000,ASP,40.86470032,-84.61669922,89.5,40.8647995,-84.60220337,269.5
KVNW,18,36,2558,GRS,40.86629868,-84.60160065,180.8,40.85919952,-84.60179901,0.8
KVTA,09,27,4649,ASP,40.02429962158203,-82.47010040283203,86.9,40.025001525878906,-82.45349884033203,266.9
O74,15,33,2750,TURF-F,,,,,,
OA04,18,36,2200,TURF,,,,,,
OA05,01,19,2000,TURF,,,,,,
OA10,17,35,2400,TURF-G,,,,,,
OA11,18,36,2600,GRS,40.37969970703125,-84.25540161132812,174.8,40.37260055541992,-84.25460052490234,354.8
OA12,06,24,1700,TURF,,,,,,
OA16,15,33,2500,Grass,,,,,,
OA51,08,26,3900,TURF,,,,,,
OA86,7,25,2400,Turf,39.90602111816406,-83.36422729492188,66,39.908687591552734,-83.35639953613281,246
OH09,11,29,1003,Turf,,,,,,
OH18,13,31,2000,TURF,,,,,,
OH19,18,36,2600,TURF,,,,,,
OH21,18,36,2200,TURF,,,,,,
OH28,09,27,2100,TURF,,,,,,
OH34,E,W,2800,TURF,,,,,,
OH42,02,20,2000,TURF,,,,,,
OH44,09,27,3545,TURF,,,,,,
OH59,09,27,2100,TURF,,,,,,
OH60,09,27,2000,TURF,,,,,,
OH61,18,36,2300,TURF,,,,,,
OH63,N,S,2640,TURF,,,,,,
OH64,10,28,1500,TURF,,,,,,
OH64,12,30,1600,TURF,,,,,,
OH65,06,24,1800,TURF,,,,,,
OH65,12,30,2700,TURF,,,,,,
OH66,07,25,3200,TURF,,,,,,
OH68,N,S,2780,TURF,,,,,,
OH71,09L,27R,3200,TURF-F,,,,,,
OH71,09R,27L,1900,TURF-G,,,,,,
OH77,01,19,2800,CONC,,,,,,
OH78,18,36,2450,TURF,,,,,,
OH91,18,36,1250,TURF,,,,,,
OH92,E,W,2000,TURF,,,,,,
OH93,04,22,1750,TURF,,,,,,
OH96,10,28,3000,TURF,,,,,,
OI01,E,W,1800,TURF,,,,,,
OI06,09,27,1850,TURF,,,,,,
OI25,09,27,2600,TURF,,,,,,
OI28,NE,SW,1500,TURF,,,,,,
OI34,12,30,1800,TURF,,,,,,
OI36,18,36,2200,TURF,,,,,,
OI38,13,31,2000,TURF,,,,,,
OI40,NE,SW,1875,TURF,,,,,,
OI49,09,27,2900,TURF-G,,,,,,
OI52,18,36,1600,TURF,,,,,,
OI56,09,27,1280,TURF,,,,,,
OI57,09,27,2200,TURF,,,,,,
OI73,E,W,2700,TURF,,,,,,
OI77,09,27,1900,TURF,,,,,,
OI82,02,20,1200,TURF,,,,,,
OI85,18,36,1550,TURF-GRVL,,,,,,
OI89,03,21,1500,TURF,,,,,,
OI91,01,19,1600,TURF,,,,,,
US-0320,6,24,1950,Turf,,,,,,
US-0725,18,36,2200,Turf,,,,,,
US-0861,6,24,3000,Turf,,,,,,
US-1110,8,26,2422,ASP,39.026615142822266,-84.05094146728516,74,39.02839279174805,-84.042724609375,254
US-12752,1,19,2100,Turf,,,,,,
US-13024,18,36,2500,GRS,,,,,,
US-4485,2,20,3200,Turf,,,,,,
US-4492,18,36,1208,Turf,39.52315139770508,-84.628173828125,,39.519832611083984,-84.6281967163086,
US-5649,10,28,2033,Turf,38.91849899291992,-84.97779846191406,98,38.91780090332031,-84.970703125,278
US-5652,10,28,2100,Turf,39.939507,-83.905815,94,39.939087,-83.898346,274
US-6427,5,23,3300,ASP,39.49872970581055,-83.71601104736328,45,39.505126953125,-83.70773315429688,225
US-6573,1,19,2366,Turf,40.15639877319336,-82.7385025024414,12,40.16279983520508,-82.73680114746094,192
US-7558,9,27,775,Turf,,,,,,
US-7839,8,26,2200,Turf,,,,,,
US-8437,9,27,1266,Turf,,,,,,
US-9148,1,19,2583,Turf,,,,,,
